Pays beneficiaire,Annee,Produit,Valeur
Afghanistan,2013,Autres non-cereales,682
Afghanistan,2014,Autres non-cereales,335
Afghanistan,2013,Ble et Farin,39224
Afghanistan,2014,Ble et Farin,15160
Afghanistan,2013,Cereales,40504
Afghanistan,2014,Cereales,15989
Afghanistan,2013,"Fruits secs, total",85
Afghanistan,2013,Huiles vegetales,11087
Afghanistan,2014,Huiles vegetales,8185
Afghanistan,2013,"Legumineuses Seches,Tot.",11761
Afghanistan,2014,"Legumineuses Seches,Tot.",4010
Afghanistan,2013,Non-cereales,23615
Afghanistan,2014,Non-cereales,12618
Afghanistan,2013,"Riz, total",1280
Afghanistan,2014,"Riz, total",829
Afghanistan,2014,"Sucre, total",88
Algerie,2013,Autres non-cereales,252
Algerie,2014,Autres non-cereales,205
Algerie,2015,Autres non-cereales,4
Algerie,2013,Cereales,10030
Algerie,2014,Cereales,4933
Algerie,2015,Cereales,3512
Algerie,2016,Cereales,3766
Algerie,2013,Cereales Secondaires,2862
Algerie,2014,Cereales Secondaires,2280
Algerie,2015,Cereales Secondaires,1311
Algerie,2016,Cereales Secondaires,1178
Algerie,2013,"Fruits secs, total",204
Algerie,2015,"Fruits secs, total",252
Algerie,2016,"Fruits secs, total",252
Algerie,2013,Huiles vegetales,1030
Algerie,2014,Huiles vegetales,1050
Algerie,2013,"Lait, total",350
Algerie,2014,"Lait, total",582
Algerie,2015,"Lait, total",500
Algerie,2013,"Legumineuses Seches,Tot.",4111
Algerie,2014,"Legumineuses Seches,Tot.",2240
Algerie,2015,"Legumineuses Seches,Tot.",3026
Algerie,2016,"Legumineuses Seches,Tot.",360
Algerie,2013,Melanges et preparations,3112
Algerie,2014,Melanges et preparations,1731
Algerie,2015,Melanges et preparations,559
Algerie,2016,Melanges et preparations,855
Algerie,2013,Non-cereales,7587
Algerie,2014,Non-cereales,4557
Algerie,2015,Non-cereales,5200
Algerie,2016,Non-cereales,972
Algerie,2013,"Riz, total",4056
Algerie,2014,"Riz, total",922
Algerie,2015,"Riz, total",1642
Algerie,2016,"Riz, total",1733
Algerie,2013,"Sucre, total",1640
Algerie,2014,"Sucre, total",480
Algerie,2015,"Sucre, total",1418
Algerie,2016,"Sucre, total",360
Angola,2014,Autres non-cereales,7
Angola,2013,Cereales,2500
Angola,2013,Melanges et preparations,2500
Angola,2014,Non-cereales,7
Bangladesh,2013,Ble et Farin,56709
Bangladesh,2014,Ble et Farin,91350
Bangladesh,2015,Ble et Farin,9740
Bangladesh,2013,Cereales,59954
Bangladesh,2014,Cereales,94706
Bangladesh,2015,Cereales,10609
Bangladesh,2013,"Fruits secs, total",515
Bangladesh,2015,"Fruits secs, total",486
Bangladesh,2013,Huiles vegetales,2335
Bangladesh,2014,Huiles vegetales,1371
Bangladesh,2015,Huiles vegetales,111
Bangladesh,2013,"Legumineuses Seches,Tot.",2044
Bangladesh,2014,"Legumineuses Seches,Tot.",1194
Bangladesh,2015,"Legumineuses Seches,Tot.",65
Bangladesh,2013,Melanges et preparations,2004
Bangladesh,2014,Melanges et preparations,1528
Bangladesh,2015,Melanges et preparations,869
Bangladesh,2013,Non-cereales,5555
Bangladesh,2014,Non-cereales,2608
Bangladesh,2015,Non-cereales,662
Bangladesh,2013,Poiss&produi,580
Bangladesh,2013,"Riz, total",1241
Bangladesh,2014,"Riz, total",1828
Bangladesh,2013,"Sucre, total",81
Bangladesh,2014,"Sucre, total",43
Benin,2013,Autres non-cereales,45
Benin,2014,Autres non-cereales,50
Benin,2013,Cereales,8490
Benin,2015,Cereales,1439
Benin,2016,"Fruits secs, total",72
Benin,2015,Huiles vegetales,260
Benin,2013,"Legumineuses Seches,Tot.",276
Benin,2014,"Legumineuses Seches,Tot.",286
Benin,2015,"Legumineuses Seches,Tot.",194
Benin,2015,Melanges et preparations,679
Benin,2013,Non-cereales,321
Benin,2014,Non-cereales,336
Benin,2015,Non-cereales,454
Benin,2016,Non-cereales,72
Benin,2013,"Riz, total",8490
Benin,2015,"Riz, total",760
Bhoutan,2013,Cereales,537
Bhoutan,2013,Huiles vegetales,127
Bhoutan,2014,Huiles vegetales,73
Bhoutan,2015,Huiles vegetales,91
Bhoutan,2016,Huiles vegetales,109
Bhoutan,2013,"Legumineuses Seches,Tot.",198
Bhoutan,2015,"Legumineuses Seches,Tot.",198
Bhoutan,2013,Non-cereales,325
Bhoutan,2014,Non-cereales,73
Bhoutan,2015,Non-cereales,289
Bhoutan,2016,Non-cereales,109
Bhoutan,2013,"Riz, total",537
Bolivie (Etat plurinational de),2014,Autres non-cereales,3
Bolivie (Etat plurinational de),2014,Non-cereales,3
Burkina Faso,2013,Autres non-cereales,507
Burkina Faso,2014,Autres non-cereales,283
Burkina Faso,2015,Autres non-cereales,27
Burkina Faso,2013,Ble et Farin,10
Burkina Faso,2014,Ble et Farin,7
Burkina Faso,2013,Cereales,6381
Burkina Faso,2014,Cereales,9605
Burkina Faso,2015,Cereales,9066
Burkina Faso,2013,Cereales Secondaires,827
Burkina Faso,2014,Cereales Secondaires,1032
Burkina Faso,2015,Cereales Secondaires,158
Burkina Faso,2015,"Fruits secs, total",126
Burkina Faso,2016,"Fruits secs, total",36
Burkina Faso,2013,Huiles vegetales,758
Burkina Faso,2014,Huiles vegetales,692
Burkina Faso,2015,Huiles vegetales,590
Burkina Faso,2013,"Legumineuses Seches,Tot.",1664
Burkina Faso,2014,"Legumineuses Seches,Tot.",889
Burkina Faso,2015,"Legumineuses Seches,Tot.",1782
Burkina Faso,2013,Melanges et preparations,4876
Burkina Faso,2014,Melanges et preparations,1793
Burkina Faso,2015,Melanges et preparations,3538
Burkina Faso,2013,Non-cereales,2929
Burkina Faso,2014,Non-cereales,1864
Burkina Faso,2015,Non-cereales,2525
Burkina Faso,2016,Non-cereales,36
Burkina Faso,2013,"Riz, total",668
Burkina Faso,2014,"Riz, total",6773
Burkina Faso,2015,"Riz, total",5370
Burundi,2014,Autres non-cereales,185
Burundi,2015,Autres non-cereales,110
Burundi,2013,Ble et Farin,13667
Burundi,2013,Cereales,24992
Burundi,2014,Cereales,4271
Burundi,2015,Cereales,5648
Burundi,2013,Cereales Secondaires,3092
Burundi,2014,Cereales Secondaires,3152
Burundi,2015,Cereales Secondaires,745
Burundi,2013,Huiles vegetales,770
Burundi,2014,Huiles vegetales,350
Burundi,2015,Huiles vegetales,390
Burundi,2013,"Legumineuses Seches,Tot.",809
Burundi,2014,"Legumineuses Seches,Tot.",699
Burundi,2015,"Legumineuses Seches,Tot.",270
Burundi,2013,Melanges et preparations,3098
Burundi,2014,Melanges et preparations,1119
Burundi,2015,Melanges et preparations,4903
Burundi,2013,Non-cereales,1694
Burundi,2014,Non-cereales,1234
Burundi,2015,Non-cereales,820
Burundi,2013,"Riz, total",5135
Burundi,2013,"Sucre, total",115
Burundi,2015,"Sucre, total",50
Cambodge,2013,Autres non-cereales,50
Cambodge,2014,Autres non-cereales,75
Cambodge,2015,Autres non-cereales,22
Cambodge,2013,Cereales,4306
Cambodge,2014,Cereales,4644
Cambodge,2015,Cereales,279
Cambodge,2013,Huiles vegetales,336
Cambodge,2014,Huiles vegetales,449
Cambodge,2015,Huiles vegetales,204
Cambodge,2013,"Legumineuses Seches,Tot.",569
Cambodge,2014,"Legumineuses Seches,Tot.",382
Cambodge,2015,"Legumineuses Seches,Tot.",522
Cambodge,2013,Melanges et preparations,1695
Cambodge,2014,Melanges et preparations,710
Cambodge,2013,Non-cereales,1181
Cambodge,2014,Non-cereales,1392
Cambodge,2015,Non-cereales,1088
Cambodge,2013,Poiss&produi,226
Cambodge,2014,Poiss&produi,486
Cambodge,2015,Poiss&produi,340
Cambodge,2013,"Riz, total",2611
Cambodge,2014,"Riz, total",3934
Cambodge,2015,"Riz, total",279
Cameroun,2013,Autres non-cereales,472
Cameroun,2014,Autres non-cereales,643
Cameroun,2015,Autres non-cereales,811
Cameroun,2013,Cereales,1700
Cameroun,2014,Cereales,5302
Cameroun,2015,Cereales,12475
Cameroun,2013,Cereales Secondaires,968
Cameroun,2014,Cereales Secondaires,2038
Cameroun,2015,"Fruits secs, total",134
Cameroun,2013,Huiles vegetales,164
Cameroun,2014,Huiles vegetales,175
Cameroun,2015,Huiles vegetales,569
Cameroun,2016,Huiles vegetales,289
Cameroun,2013,"Legumineuses Seches,Tot.",117
Cameroun,2014,"Legumineuses Seches,Tot.",697
Cameroun,2015,"Legumineuses Seches,Tot.",1982
Cameroun,2013,Melanges et preparations,452
Cameroun,2014,Melanges et preparations,708
Cameroun,2015,Melanges et preparations,239
Cameroun,2013,Non-cereales,753
Cameroun,2014,Non-cereales,1540
Cameroun,2015,Non-cereales,3680
Cameroun,2016,Non-cereales,289
Cameroun,2013,"Riz, total",280
Cameroun,2014,"Riz, total",2556
Cameroun,2015,"Riz, total",12236
Cameroun,2014,"Sucre, total",25
Cameroun,2015,"Sucre, total",184
"Chine, continentale",2014,Cereales,649
"Chine, continentale",2014,Huiles vegetales,0
"Chine, continentale",2014,Non-cereales,0
"Chine, continentale",2014,"Riz, total",649
Colombie,2013,Cereales,2190
Colombie,2014,Cereales,3335
Colombie,2015,Cereales,1672
Colombie,2016,Cereales,1963
Colombie,2013,Huiles vegetales,1020
Colombie,2014,Huiles vegetales,858
Colombie,2015,Huiles vegetales,800
Colombie,2013,"Legumineuses Seches,Tot.",2373
Colombie,2015,"Legumineuses Seches,Tot.",849
Colombie,2016,"Legumineuses Seches,Tot.",770
Colombie,2013,Non-cereales,3531
Colombie,2014,Non-cereales,1263
Colombie,2015,Non-cereales,1649
Colombie,2016,Non-cereales,770
Colombie,2013,"Riz, total",2190
Colombie,2014,"Riz, total",3335
Colombie,2015,"Riz, total",1672
Colombie,2016,"Riz, total",1963
Colombie,2013,"Sucre, total",138
Colombie,2014,"Sucre, total",405
Comores,2013,Cereales,3903
Comores,2013,"Riz, total",3903
Congo,2013,Autres non-cereales,136
Congo,2014,Autres non-cereales,140
Congo,2015,Autres non-cereales,26
Congo,2013,Cereales,2755
Congo,2014,Cereales,2260
Congo,2015,Cereales,2567
Congo,2013,Cereales Secondaires,1311
Congo,2014,Cereales Secondaires,172
Congo,2013,Huiles vegetales,18
Congo,2014,Huiles vegetales,508
Congo,2015,Huiles vegetales,91
Congo,2013,"Legumineuses Seches,Tot.",767
Congo,2014,"Legumineuses Seches,Tot.",1366
Congo,2015,"Legumineuses Seches,Tot.",170
Congo,2014,Melanges et preparations,198
Congo,2013,Non-cereales,1262
Congo,2014,Non-cereales,2198
Congo,2015,Non-cereales,433
Congo,2013,Poiss&produi,341
Congo,2014,Poiss&produi,184
Congo,2015,Poiss&produi,146
Congo,2013,"Riz, total",1444
Congo,2014,"Riz, total",1890
Congo,2015,"Riz, total",2567
Cote d'Ivoire,2013,Autres non-cereales,67
Cote d'Ivoire,2014,Autres non-cereales,104
Cote d'Ivoire,2015,Autres non-cereales,108
Cote d'Ivoire,2013,Cereales,7416
Cote d'Ivoire,2014,Cereales,4521
Cote d'Ivoire,2015,Cereales,5297
Cote d'Ivoire,2016,Cereales,4323
Cote d'Ivoire,2015,"Fruits secs, total",900
Cote d'Ivoire,2013,Huiles vegetales,2084
Cote d'Ivoire,2015,Huiles vegetales,19
Cote d'Ivoire,2016,Huiles vegetales,70
Cote d'Ivoire,2013,"Legumineuses Seches,Tot.",1724
Cote d'Ivoire,2014,"Legumineuses Seches,Tot.",336
Cote d'Ivoire,2013,Melanges et preparations,525
Cote d'Ivoire,2014,Melanges et preparations,647
Cote d'Ivoire,2015,Melanges et preparations,197
Cote d'Ivoire,2013,Non-cereales,3875
Cote d'Ivoire,2014,Non-cereales,440
Cote d'Ivoire,2015,Non-cereales,1027
Cote d'Ivoire,2016,Non-cereales,70
Cote d'Ivoire,2013,"Riz, total",6891
Cote d'Ivoire,2014,"Riz, total",3874
Cote d'Ivoire,2015,"Riz, total",5100
Cote d'Ivoire,2016,"Riz, total",4323
Cuba,2014,Autres non-cereales,7
Cuba,2015,Autres non-cereales,8
Cuba,2013,Cereales,450
Cuba,2015,Cereales,2698
Cuba,2013,Huiles vegetales,112
Cuba,2015,"Lait, total",150
Cuba,2013,"Legumineuses Seches,Tot.",235
Cuba,2015,"Legumineuses Seches,Tot.",1277
Cuba,2015,Melanges et preparations,305
Cuba,2013,Non-cereales,347
Cuba,2014,Non-cereales,7
Cuba,2015,Non-cereales,1435
Cuba,2013,"Riz, total",450
Cuba,2015,"Riz, total",2393
Djibouti,2013,Autres non-cereales,41
Djibouti,2014,Autres non-cereales,50
Djibouti,2013,Ble et Farin,5930
Djibouti,2014,Ble et Farin,4217
Djibouti,2015,Ble et Farin,384
Djibouti,2013,Cereales,9076
Djibouti,2014,Cereales,7542
Djibouti,2015,Cereales,1558
Djibouti,2013,Cereales Secondaires,1300
Djibouti,2014,Cereales Secondaires,2030
Djibouti,2015,Cereales Secondaires,800
Djibouti,2013,"Fruits secs, total",68
Djibouti,2015,"Fruits secs, total",126
Djibouti,2014,Huiles vegetales,386
Djibouti,2013,"Legumineuses Seches,Tot.",838
Djibouti,2014,"Legumineuses Seches,Tot.",518
Djibouti,2015,"Legumineuses Seches,Tot.",190
Djibouti,2013,Melanges et preparations,1021
Djibouti,2014,Melanges et preparations,970
Djibouti,2015,Melanges et preparations,274
Djibouti,2013,Non-cereales,1108
Djibouti,2014,Non-cereales,1002
Djibouti,2015,Non-cereales,362
Djibouti,2013,"Riz, total",825
Djibouti,2014,"Riz, total",325
Djibouti,2015,"Riz, total",100
Djibouti,2013,"Sucre, total",161
Djibouti,2014,"Sucre, total",48
Djibouti,2015,"Sucre, total",46
Egypte,2013,"Fruits secs, total",561
Egypte,2013,Non-cereales,561
El Salvador,2013,Cereales,1005
El Salvador,2014,Cereales,38
El Salvador,2015,Cereales,497
El Salvador,2016,Cereales,596
El Salvador,2014,Huiles vegetales,172
El Salvador,2015,Huiles vegetales,198
El Salvador,2014,Melanges et preparations,38
El Salvador,2015,Melanges et preparations,497
El Salvador,2014,Non-cereales,172
El Salvador,2015,Non-cereales,198
El Salvador,2013,"Riz, total",1005
El Salvador,2016,"Riz, total",596
Equateur,2013,Cereales,345
Equateur,2013,Huiles vegetales,103
Equateur,2013,"Legumineuses Seches,Tot.",233
Equateur,2013,Non-cereales,336
Equateur,2013,"Riz, total",345
Ethiopie,2013,Autres non-cereales,170
Ethiopie,2014,Autres non-cereales,466
Ethiopie,2015,Autres non-cereales,244
Ethiopie,2013,Ble et Farin,181066
Ethiopie,2014,Ble et Farin,178646
Ethiopie,2015,Ble et Farin,74090
Ethiopie,2013,BulgurFarEnt,2939
Ethiopie,2014,BulgurFarEnt,2490
Ethiopie,2013,Cereales,256196
Ethiopie,2014,Cereales,265013
Ethiopie,2015,Cereales,86482
Ethiopie,2013,Cereales Secondaires,45040
Ethiopie,2014,Cereales Secondaires,70890
Ethiopie,2015,Cereales Secondaires,7880
Ethiopie,2013,"Fruits secs, total",459
Ethiopie,2015,"Fruits secs, total",162
Ethiopie,2013,Huiles vegetales,9604
Ethiopie,2014,Huiles vegetales,7088
Ethiopie,2015,Huiles vegetales,1826
Ethiopie,2013,"Legumineuses Seches,Tot.",27916
Ethiopie,2014,"Legumineuses Seches,Tot.",20232
Ethiopie,2015,"Legumineuses Seches,Tot.",10519
Ethiopie,2013,Melanges et preparations,21470
Ethiopie,2014,Melanges et preparations,12752
Ethiopie,2015,Melanges et preparations,4512
Ethiopie,2013,Non-cereales,39506
Ethiopie,2014,Non-cereales,28299
Ethiopie,2015,Non-cereales,15151
Ethiopie,2013,"Riz, total",5681
Ethiopie,2014,"Riz, total",235
Ethiopie,2013,"Sucre, total",1357
Ethiopie,2014,"Sucre, total",513
Ethiopie,2015,"Sucre, total",2400
Gambie,2013,Cereales,3941
Gambie,2014,Cereales,665
Gambie,2015,Cereales,120
Gambie,2013,Huiles vegetales,347
Gambie,2014,Huiles vegetales,36
Gambie,2015,Huiles vegetales,97
Gambie,2013,"Legumineuses Seches,Tot.",766
Gambie,2014,"Legumineuses Seches,Tot.",115
Gambie,2015,"Legumineuses Seches,Tot.",308
Gambie,2016,"Legumineuses Seches,Tot.",168
Gambie,2013,Melanges et preparations,1941
Gambie,2014,Melanges et preparations,240
Gambie,2015,Melanges et preparations,120
Gambie,2013,Non-cereales,1113
Gambie,2014,Non-cereales,151
Gambie,2015,Non-cereales,405
Gambie,2016,Non-cereales,168
Gambie,2013,"Riz, total",2000
Gambie,2014,"Riz, total",425
Georgie,2013,Autres non-cereales,3
Georgie,2014,Autres non-cereales,4
Georgie,2013,Ble et Farin,2
Georgie,2013,Cereales,4
Georgie,2014,Cereales,2
Georgie,2013,Huiles vegetales,6
Georgie,2014,Huiles vegetales,7
Georgie,2014,"Legumineuses Seches,Tot.",2
Georgie,2013,Non-cereales,13
Georgie,2014,Non-cereales,16
Georgie,2013,"Riz, total",2
Georgie,2014,"Riz, total",2
Georgie,2013,"Sucre, total",3
Georgie,2014,"Sucre, total",3
Georgie,2013,Viande Total,1
Ghana,2014,Autres non-cereales,2
Ghana,2013,Cereales,1727
Ghana,2014,Cereales,3621
Ghana,2015,Cereales,1252
Ghana,2013,Huiles vegetales,429
Ghana,2014,Huiles vegetales,435
Ghana,2013,"Legumineuses Seches,Tot.",322
Ghana,2013,Melanges et preparations,602
Ghana,2014,Melanges et preparations,3071
Ghana,2015,Melanges et preparations,1002
Ghana,2013,Non-cereales,751
Ghana,2014,Non-cereales,462
Ghana,2015,Non-cereales,25
Ghana,2013,"Riz, total",1125
Ghana,2014,"Riz, total",550
Ghana,2015,"Riz, total",250
Ghana,2014,"Sucre, total",25
Ghana,2015,"Sucre, total",25
Guatemala,2014,Ble et Farin,210
Guatemala,2015,Ble et Farin,270
Guatemala,2013,Cereales,10736
Guatemala,2014,Cereales,5248
Guatemala,2015,Cereales,4792
Guatemala,2016,Cereales,355
Guatemala,2014,Cereales Secondaires,699
Guatemala,2015,Cereales Secondaires,350
Guatemala,2013,Huiles vegetales,1189
Guatemala,2014,Huiles vegetales,1286
Guatemala,2015,Huiles vegetales,1010
Guatemala,2013,"Legumineuses Seches,Tot.",14388
Guatemala,2014,"Legumineuses Seches,Tot.",5390
Guatemala,2015,"Legumineuses Seches,Tot.",4721
Guatemala,2016,"Legumineuses Seches,Tot.",348
Guatemala,2013,Melanges et preparations,2369
Guatemala,2014,Melanges et preparations,1720
Guatemala,2015,Melanges et preparations,1303
Guatemala,2016,Melanges et preparations,355
Guatemala,2013,Non-cereales,15577
Guatemala,2014,Non-cereales,6676
Guatemala,2015,Non-cereales,5731
Guatemala,2016,Non-cereales,348
Guatemala,2013,"Riz, total",8367
Guatemala,2014,"Riz, total",2619
Guatemala,2015,"Riz, total",2869
Guinee,2013,Autres non-cereales,57
Guinee,2014,Autres non-cereales,69
Guinee,2015,Autres non-cereales,297
Guinee,2014,BulgurFarEnt,78
Guinee,2013,Cereales,2281
Guinee,2014,Cereales,6150
Guinee,2015,Cereales,4786
Guinee,2015,"Fruits secs, total",54
Guinee,2013,Huiles vegetales,515
Guinee,2014,Huiles vegetales,779
Guinee,2015,Huiles vegetales,3049
Guinee,2013,"Legumineuses Seches,Tot.",511
Guinee,2014,"Legumineuses Seches,Tot.",1849
Guinee,2015,"Legumineuses Seches,Tot.",2456
Guinee,2013,Melanges et preparations,306
Guinee,2014,Melanges et preparations,1587
Guinee,2015,Melanges et preparations,956
Guinee,2013,Non-cereales,1083
Guinee,2014,Non-cereales,2697
Guinee,2015,Non-cereales,5879
Guinee,2013,"Riz, total",1975
Guinee,2014,"Riz, total",4485
Guinee,2015,"Riz, total",3830
Guinee,2015,"Sucre, total",23
Guinee-Bissau,2013,Autres non-cereales,731
Guinee-Bissau,2014,Autres non-cereales,118
Guinee-Bissau,2013,Cereales,4337
Guinee-Bissau,2014,Cereales,2496
Guinee-Bissau,2015,Cereales,692
Guinee-Bissau,2013,Huiles vegetales,1027
Guinee-Bissau,2014,Huiles vegetales,146
Guinee-Bissau,2015,Huiles vegetales,415
Guinee-Bissau,2013,"Legumineuses Seches,Tot.",1559
Guinee-Bissau,2014,"Legumineuses Seches,Tot.",459
Guinee-Bissau,2015,"Legumineuses Seches,Tot.",275
Guinee-Bissau,2013,Melanges et preparations,812
Guinee-Bissau,2014,Melanges et preparations,1946
Guinee-Bissau,2015,Melanges et preparations,517
Guinee-Bissau,2013,Non-cereales,3409
Guinee-Bissau,2014,Non-cereales,1213
Guinee-Bissau,2015,Non-cereales,690
Guinee-Bissau,2014,Poiss&produi,490
Guinee-Bissau,2013,"Riz, total",3525
Guinee-Bissau,2014,"Riz, total",550
Guinee-Bissau,2015,"Riz, total",175
Guinee-Bissau,2013,"Sucre, total",92
Haiti,2013,Autres non-cereales,396
Haiti,2014,Autres non-cereales,254
Haiti,2015,Autres non-cereales,175
Haiti,2016,Autres non-cereales,105
Haiti,2013,BulgurFarEnt,3908
Haiti,2014,BulgurFarEnt,780
Haiti,2015,BulgurFarEnt,771
Haiti,2016,BulgurFarEnt,3544
Haiti,2013,Cereales,23158
Haiti,2014,Cereales,12440
Haiti,2015,Cereales,3421
Haiti,2016,Cereales,4005
Haiti,2013,Huiles vegetales,2218
Haiti,2014,Huiles vegetales,1315
Haiti,2015,Huiles vegetales,231
Haiti,2016,Huiles vegetales,516
Haiti,2013,"Lait, total",17
Haiti,2013,"Legumineuses Seches,Tot.",4613
Haiti,2014,"Legumineuses Seches,Tot.",2545
Haiti,2015,"Legumineuses Seches,Tot.",1006
Haiti,2016,"Legumineuses Seches,Tot.",1605
Haiti,2013,Melanges et preparations,8080
Haiti,2014,Melanges et preparations,1010
Haiti,2016,Melanges et preparations,461
Haiti,2013,Non-cereales,7449
Haiti,2014,Non-cereales,4114
Haiti,2015,Non-cereales,1412
Haiti,2016,Non-cereales,2226
Haiti,2013,"Riz, total",11170
Haiti,2014,"Riz, total",10650
Haiti,2015,"Riz, total",2650
Haiti,2013,"Sucre, total",205
Honduras,2013,Cereales,10770
Honduras,2014,Cereales,3238
Honduras,2015,Cereales,4072
Honduras,2016,Cereales,753
Honduras,2016,"Fruits secs, total",331
Honduras,2013,Huiles vegetales,2798
Honduras,2014,Huiles vegetales,1540
Honduras,2015,Huiles vegetales,1880
Honduras,2016,Huiles vegetales,558
Honduras,2014,"Legumineuses Seches,Tot.",521
Honduras,2015,"Legumineuses Seches,Tot.",301
Honduras,2016,"Legumineuses Seches,Tot.",604
Honduras,2013,Melanges et preparations,2895
Honduras,2014,Melanges et preparations,2269
Honduras,2015,Melanges et preparations,2772
Honduras,2016,Melanges et preparations,443
Honduras,2013,Non-cereales,2798
Honduras,2014,Non-cereales,2061
Honduras,2015,Non-cereales,2181
Honduras,2016,Non-cereales,1493
Honduras,2013,"Riz, total",7875
Honduras,2014,"Riz, total",969
Honduras,2015,"Riz, total",1300
Honduras,2016,"Riz, total",310
Iran (Republique islamique d'),2013,Cereales,500
Iran (Republique islamique d'),2014,Cereales,325
Iran (Republique islamique d'),2015,Cereales,200
Iran (Republique islamique d'),2013,Huiles vegetales,196
Iran (Republique islamique d'),2014,Huiles vegetales,312
Iran (Republique islamique d'),2013,"Legumineuses Seches,Tot.",327
Iran (Republique islamique d'),2014,"Legumineuses Seches,Tot.",75
Iran (Republique islamique d'),2016,"Legumineuses Seches,Tot.",241
Iran (Republique islamique d'),2013,Non-cereales,569
Iran (Republique islamique d'),2014,Non-cereales,412
Iran (Republique islamique d'),2015,Non-cereales,46
Iran (Republique islamique d'),2016,Non-cereales,291
Iran (Republique islamique d'),2013,"Riz, total",500
Iran (Republique islamique d'),2014,"Riz, total",325
Iran (Republique islamique d'),2015,"Riz, total",200
Iran (Republique islamique d'),2013,"Sucre, total",46
Iran (Republique islamique d'),2014,"Sucre, total",25
Iran (Republique islamique d'),2015,"Sucre, total",46
Iran (Republique islamique d'),2016,"Sucre, total",50
Iraq,2013,Autres non-cereales,169
Iraq,2015,Autres non-cereales,1001
Iraq,2013,Cereales,139
Iraq,2014,Cereales,465
Iraq,2013,Huiles vegetales,8
Iraq,2013,"Legumineuses Seches,Tot.",13
Iraq,2013,Non-cereales,194
Iraq,2015,Non-cereales,1001
Iraq,2013,"Riz, total",139
Iraq,2014,"Riz, total",465
Iraq,2013,"Sucre, total",4
Jordanie,2013,Autres non-cereales,5
Jordanie,2015,Autres non-cereales,1
Jordanie,2013,Ble et Farin,35
Jordanie,2015,Ble et Farin,1370
Jordanie,2013,BulgurFarEnt,594
Jordanie,2014,BulgurFarEnt,141
Jordanie,2013,Cereales,2209
Jordanie,2014,Cereales,3541
Jordanie,2015,Cereales,1370
Jordanie,2013,Huiles vegetales,1039
Jordanie,2014,Huiles vegetales,454
Jordanie,2013,"Lait, total",91
Jordanie,2013,"Legumineuses Seches,Tot.",876
Jordanie,2014,"Legumineuses Seches,Tot.",386
Jordanie,2013,Melanges et preparations,321
Jordanie,2013,Non-cereales,2527
Jordanie,2014,Non-cereales,840
Jordanie,2015,Non-cereales,1651
Jordanie,2013,Poiss&produi,3
Jordanie,2013,"Riz, total",1259
Jordanie,2014,"Riz, total",3400
Jordanie,2013,"Sucre, total",513
Jordanie,2015,"Sucre, total",1650
Kenya,2014,Autres non-cereales,22
Kenya,2015,Autres non-cereales,140
Kenya,2013,Ble et Farin,34520
Kenya,2014,Ble et Farin,37940
Kenya,2015,Ble et Farin,25809
Kenya,2014,BulgurFarEnt,11507
Kenya,2013,Cereales,92906
Kenya,2014,Cereales,92993
Kenya,2015,Cereales,45899
Kenya,2013,Cereales Secondaires,52400
Kenya,2014,Cereales Secondaires,43546
Kenya,2015,Cereales Secondaires,20090
Kenya,2013,"Fruits secs, total",306
Kenya,2015,"Fruits secs, total",324
Kenya,2013,Huiles vegetales,1900
Kenya,2014,Huiles vegetales,4768
Kenya,2015,Huiles vegetales,50
Kenya,2014,"Lait, total",125
Kenya,2013,"Legumineuses Seches,Tot.",15325
Kenya,2014,"Legumineuses Seches,Tot.",10801
Kenya,2015,"Legumineuses Seches,Tot.",10813
Kenya,2013,Melanges et preparations,1348
Kenya,2013,Non-cereales,17577
Kenya,2014,Non-cereales,15716
Kenya,2015,Non-cereales,11327
Kenya,2013,"Riz, total",4638
Kenya,2013,"Sucre, total",46
Kirghizistan,2013,Ble et Farin,360
Kirghizistan,2014,Ble et Farin,380
Kirghizistan,2015,Ble et Farin,180
Kirghizistan,2013,Cereales,540
Kirghizistan,2014,Cereales,570
Kirghizistan,2015,Cereales,270
Kirghizistan,2013,Huiles vegetales,399
Kirghizistan,2014,Huiles vegetales,50
Kirghizistan,2015,Huiles vegetales,40
Kirghizistan,2013,"Legumineuses Seches,Tot.",80
Kirghizistan,2014,"Legumineuses Seches,Tot.",80
Kirghizistan,2015,"Legumineuses Seches,Tot.",40
Kirghizistan,2013,Non-cereales,479
Kirghizistan,2014,Non-cereales,130
Kirghizistan,2015,Non-cereales,80
Kirghizistan,2013,"Riz, total",180
Kirghizistan,2014,"Riz, total",190
Kirghizistan,2015,"Riz, total",90
Lesotho,2014,Ble et Farin,470
Lesotho,2013,Cereales,1175
Lesotho,2014,Cereales,1539
Lesotho,2013,Huiles vegetales,91
Lesotho,2014,Huiles vegetales,208
Lesotho,2015,Huiles vegetales,111
Lesotho,2013,"Legumineuses Seches,Tot.",81
Lesotho,2014,"Legumineuses Seches,Tot.",373
Lesotho,2015,"Legumineuses Seches,Tot.",720
Lesotho,2013,Melanges et preparations,1175
Lesotho,2014,Melanges et preparations,1069
Lesotho,2013,Non-cereales,308
Lesotho,2014,Non-cereales,765
Lesotho,2015,Non-cereales,1525
Lesotho,2013,Poiss&produi,136
Lesotho,2015,Poiss&produi,569
Lesotho,2014,"Sucre, total",184
Lesotho,2015,"Sucre, total",125
Liban,2013,Autres non-cereales,2
Liban,2013,Cereales,776
Liban,2014,"Fruits secs, total",390
Liban,2016,"Fruits secs, total",800
Liban,2013,Huiles vegetales,848
Liban,2014,Huiles vegetales,320
Liban,2013,"Legumineuses Seches,Tot.",698
Liban,2014,"Legumineuses Seches,Tot.",350
Liban,2013,Non-cereales,1551
Liban,2014,Non-cereales,1060
Liban,2016,Non-cereales,800
Liban,2013,"Riz, total",776
Liban,2013,"Sucre, total",3
Liberia,2013,Autres non-cereales,2
Liberia,2014,Autres non-cereales,1
Liberia,2013,BulgurFarEnt,80
Liberia,2014,BulgurFarEnt,420
Liberia,2013,Cereales,8520
Liberia,2014,Cereales,879
Liberia,2014,Huiles vegetales,201
Liberia,2013,"Legumineuses Seches,Tot.",70
Liberia,2014,"Legumineuses Seches,Tot.",250
Liberia,2013,Melanges et preparations,380
Liberia,2014,Melanges et preparations,459
Liberia,2013,Non-cereales,72
Liberia,2014,Non-cereales,452
Liberia,2013,"Riz, total",8060
Libye,2014,Autres non-cereales,298
Libye,2015,Autres non-cereales,2139
Libye,2016,Autres non-cereales,2207
Libye,2014,Non-cereales,298
Libye,2015,Non-cereales,2139
Libye,2016,Non-cereales,2207
Madagascar,2013,Autres non-cereales,5
Madagascar,2014,Autres non-cereales,80
Madagascar,2015,Autres non-cereales,9
Madagascar,2013,Cereales,18721
Madagascar,2014,Cereales,9499
Madagascar,2015,Cereales,11218
Madagascar,2013,Cereales Secondaires,9758
Madagascar,2014,Cereales Secondaires,6627
Madagascar,2015,Cereales Secondaires,7190
Madagascar,2013,Huiles vegetales,3422
Madagascar,2014,Huiles vegetales,500
Madagascar,2015,Huiles vegetales,512
Madagascar,2013,"Legumineuses Seches,Tot.",2043
Madagascar,2014,"Legumineuses Seches,Tot.",888
Madagascar,2015,"Legumineuses Seches,Tot.",1442
Madagascar,2013,Melanges et preparations,1918
Madagascar,2014,Melanges et preparations,1035
Madagascar,2015,Melanges et preparations,1774
Madagascar,2013,Non-cereales,5470
Madagascar,2014,Non-cereales,1468
Madagascar,2015,Non-cereales,1963
Madagascar,2013,"Riz, total",7045
Madagascar,2014,"Riz, total",1837
Madagascar,2015,"Riz, total",2254
Malawi,2013,Autres non-cereales,63
Malawi,2014,Autres non-cereales,154
Malawi,2015,Autres non-cereales,74
Malawi,2013,Ble et Farin,15000
Malawi,2013,Cereales,18103
Malawi,2014,Cereales,11327
Malawi,2015,Cereales,3053
Malawi,2013,Huiles vegetales,6078
Malawi,2014,Huiles vegetales,49
Malawi,2015,Huiles vegetales,1027
Malawi,2013,"Legumineuses Seches,Tot.",2479
Malawi,2014,"Legumineuses Seches,Tot.",695
Malawi,2015,"Legumineuses Seches,Tot.",1549
Malawi,2016,"Legumineuses Seches,Tot.",860
Malawi,2013,Melanges et preparations,3103
Malawi,2014,Melanges et preparations,11327
Malawi,2015,Melanges et preparations,3053
Malawi,2013,Non-cereales,8620
Malawi,2014,Non-cereales,898
Malawi,2015,Non-cereales,2650
Malawi,2016,Non-cereales,860
Mali,2013,Autres non-cereales,853
Mali,2014,Autres non-cereales,706
Mali,2015,Autres non-cereales,66
Mali,2013,Ble et Farin,1674
Mali,2014,Ble et Farin,10000
Mali,2013,BulgurFarEnt,2868
Mali,2013,Cereales,24688
Mali,2014,Cereales,19146
Mali,2015,Cereales,1665
Mali,2013,Huiles vegetales,6955
Mali,2014,Huiles vegetales,2107
Mali,2015,Huiles vegetales,2420
Mali,2013,"Legumineuses Seches,Tot.",7747
Mali,2014,"Legumineuses Seches,Tot.",6163
Mali,2015,"Legumineuses Seches,Tot.",2277
Mali,2013,Melanges et preparations,3802
Mali,2014,Melanges et preparations,8317
Mali,2015,Melanges et preparations,1665
Mali,2013,Non-cereales,15555
Mali,2014,Non-cereales,8976
Mali,2015,Non-cereales,4763
Mali,2013,"Riz, total",16344
Mali,2014,"Riz, total",829
Mauritanie,2013,Autres non-cereales,89
Mauritanie,2014,Autres non-cereales,169
Mauritanie,2015,Autres non-cereales,67
Mauritanie,2015,Ble et Farin,2040
Mauritanie,2013,Cereales,8456
Mauritanie,2014,Cereales,3166
Mauritanie,2015,Cereales,6028
Mauritanie,2016,Cereales,1493
Mauritanie,2013,"Fruits secs, total",153
Mauritanie,2015,"Fruits secs, total",504
Mauritanie,2016,"Fruits secs, total",72
Mauritanie,2013,Huiles vegetales,957
Mauritanie,2014,Huiles vegetales,2437
Mauritanie,2015,Huiles vegetales,268
Mauritanie,2013,"Legumineuses Seches,Tot.",3133
Mauritanie,2014,"Legumineuses Seches,Tot.",1116
Mauritanie,2015,"Legumineuses Seches,Tot.",483
Mauritanie,2013,Melanges et preparations,1560
Mauritanie,2014,Melanges et preparations,358
Mauritanie,2015,Melanges et preparations,2393
Mauritanie,2013,Non-cereales,4332
Mauritanie,2014,Non-cereales,3722
Mauritanie,2015,Non-cereales,1322
Mauritanie,2016,Non-cereales,72
Mauritanie,2013,"Riz, total",6896
Mauritanie,2014,"Riz, total",2808
Mauritanie,2015,"Riz, total",1595
Mauritanie,2016,"Riz, total",1493
Mozambique,2013,Cereales,7908
Mozambique,2014,Cereales,2209
Mozambique,2015,Cereales,1619
Mozambique,2013,Cereales Secondaires,504
Mozambique,2013,Huiles vegetales,11070
Mozambique,2014,Huiles vegetales,6500
Mozambique,2013,Melanges et preparations,7404
Mozambique,2014,Melanges et preparations,2209
Mozambique,2015,Melanges et preparations,1619
Mozambique,2013,Non-cereales,11070
Mozambique,2014,Non-cereales,6500
Myanmar,2014,Autres non-cereales,5
Myanmar,2013,Cereales,714
Myanmar,2014,Cereales,691
Myanmar,2015,Cereales,1221
Myanmar,2013,Huiles vegetales,2410
Myanmar,2014,Huiles vegetales,1873
Myanmar,2015,Huiles vegetales,2356
Myanmar,2013,Melanges et preparations,714
Myanmar,2014,Melanges et preparations,610
Myanmar,2015,Melanges et preparations,1221
Myanmar,2013,Non-cereales,2410
Myanmar,2014,Non-cereales,1883
Myanmar,2015,Non-cereales,2356
Myanmar,2014,"Riz, total",81
Myanmar,2014,"Sucre, total",5
Nepal,2015,Autres non-cereales,23
Nepal,2013,Cereales,5283
Nepal,2014,Cereales,150
Nepal,2015,Cereales,5498
Nepal,2016,Cereales,1362
Nepal,2013,Huiles vegetales,377
Nepal,2014,Huiles vegetales,275
Nepal,2015,Huiles vegetales,452
Nepal,2016,Huiles vegetales,380
Nepal,2013,"Legumineuses Seches,Tot.",474
Nepal,2014,"Legumineuses Seches,Tot.",220
Nepal,2015,"Legumineuses Seches,Tot.",520
Nepal,2013,Melanges et preparations,2647
Nepal,2015,Melanges et preparations,4028
Nepal,2016,Melanges et preparations,1232
Nepal,2013,Non-cereales,915
Nepal,2014,Non-cereales,495
Nepal,2015,Non-cereales,995
Nepal,2016,Non-cereales,380
Nepal,2013,"Riz, total",2636
Nepal,2014,"Riz, total",150
Nepal,2015,"Riz, total",1470
Nepal,2016,"Riz, total",130
Nepal,2013,"Sucre, total",64
Nicaragua,2013,Autres non-cereales,368
Nicaragua,2014,Autres non-cereales,190
Nicaragua,2014,Ble et Farin,290
Nicaragua,2015,Ble et Farin,18800
Nicaragua,2013,Cereales,4509
Nicaragua,2014,Cereales,3143
Nicaragua,2015,Cereales,19445
Nicaragua,2016,Cereales,638
Nicaragua,2015,Cereales Secondaires,170
Nicaragua,2013,"Fruits secs, total",136
Nicaragua,2015,"Fruits secs, total",72
Nicaragua,2016,"Fruits secs, total",234
Nicaragua,2013,Huiles vegetales,3923
Nicaragua,2014,Huiles vegetales,4189
Nicaragua,2015,Huiles vegetales,4180
Nicaragua,2013,"Lait, total",200
Nicaragua,2014,"Lait, total",150
Nicaragua,2015,"Lait, total",225
Nicaragua,2013,"Legumineuses Seches,Tot.",6390
Nicaragua,2014,"Legumineuses Seches,Tot.",9380
Nicaragua,2015,"Legumineuses Seches,Tot.",294
Nicaragua,2013,Melanges et preparations,1873
Nicaragua,2014,Melanges et preparations,1423
Nicaragua,2015,Melanges et preparations,150
Nicaragua,2016,Melanges et preparations,497
Nicaragua,2013,Non-cereales,11017
Nicaragua,2014,Non-cereales,13909
Nicaragua,2015,Non-cereales,4771
Nicaragua,2016,Non-cereales,234
Nicaragua,2013,"Riz, total",2636
Nicaragua,2014,"Riz, total",1430
Nicaragua,2015,"Riz, total",325
Nicaragua,2016,"Riz, total",141
Niger,2013,Autres non-cereales,1149
Niger,2014,Autres non-cereales,1230
Niger,2015,Autres non-cereales,22
Niger,2016,Autres non-cereales,19
Niger,2013,BulgurFarEnt,5274
Niger,2014,BulgurFarEnt,2748
Niger,2015,BulgurFarEnt,2619
Niger,2013,Cereales,26716
Niger,2014,Cereales,27096
Niger,2015,Cereales,21534
Niger,2016,Cereales,40386
Niger,2013,Huiles vegetales,1351
Niger,2014,Huiles vegetales,1916
Niger,2015,Huiles vegetales,1945
Niger,2016,Huiles vegetales,1043
Niger,2013,"Legumineuses Seches,Tot.",2144
Niger,2014,"Legumineuses Seches,Tot.",2871
Niger,2015,"Legumineuses Seches,Tot.",3827
Niger,2016,"Legumineuses Seches,Tot.",4923
Niger,2013,Melanges et preparations,10383
Niger,2014,Melanges et preparations,12740
Niger,2015,Melanges et preparations,9994
Niger,2016,Melanges et preparations,5861
Niger,2013,Non-cereales,4644
Niger,2014,Non-cereales,6017
Niger,2015,Non-cereales,5794
Niger,2016,Non-cereales,5985
Niger,2013,"Riz, total",11059
Niger,2014,"Riz, total",11608
Niger,2015,"Riz, total",8921
Niger,2016,"Riz, total",34525
Ouganda,2015,Autres non-cereales,4
Ouganda,2013,Cereales,8356
Ouganda,2014,Cereales,13359
Ouganda,2015,Cereales,1578
Ouganda,2013,Cereales Secondaires,6435
Ouganda,2014,Cereales Secondaires,10375
Ouganda,2015,Cereales Secondaires,1578
Ouganda,2013,Huiles vegetales,681
Ouganda,2014,Huiles vegetales,2144
Ouganda,2015,Huiles vegetales,470
Ouganda,2013,"Legumineuses Seches,Tot.",1800
Ouganda,2014,"Legumineuses Seches,Tot.",2768
Ouganda,2015,"Legumineuses Seches,Tot.",1105
Ouganda,2013,Melanges et preparations,1803
Ouganda,2014,Melanges et preparations,2984
Ouganda,2013,Non-cereales,2527
Ouganda,2014,Non-cereales,4912
Ouganda,2015,Non-cereales,1579
Ouganda,2013,"Riz, total",118
Ouganda,2013,"Sucre, total",46
Pakistan,2013,Autres non-cereales,9
Pakistan,2014,Autres non-cereales,530
Pakistan,2015,Autres non-cereales,530
Pakistan,2013,Cereales,29141
Pakistan,2014,Cereales,32889
Pakistan,2013,"Fruits secs, total",158
Pakistan,2014,"Fruits secs, total",150
Pakistan,2013,Huiles vegetales,7193
Pakistan,2014,Huiles vegetales,10776
Pakistan,2015,Huiles vegetales,9190
Pakistan,2013,"Legumineuses Seches,Tot.",14181
Pakistan,2014,"Legumineuses Seches,Tot.",10789
Pakistan,2013,Melanges et preparations,2963
Pakistan,2014,Melanges et preparations,6005
Pakistan,2013,Non-cereales,21541
Pakistan,2014,Non-cereales,22245
Pakistan,2015,Non-cereales,9720
Pakistan,2013,"Riz, total",26178
Pakistan,2014,"Riz, total",26884
Palestine,2013,Ble et Farin,20167
Palestine,2014,Ble et Farin,35208
Palestine,2015,Ble et Farin,15390
Palestine,2013,Cereales,20167
Palestine,2014,Cereales,35208
Palestine,2015,Cereales,15390
Palestine,2013,Huiles vegetales,2998
Palestine,2014,Huiles vegetales,2484
Palestine,2015,Huiles vegetales,468
Palestine,2013,"Legumineuses Seches,Tot.",1710
Palestine,2014,"Legumineuses Seches,Tot.",2286
Palestine,2015,"Legumineuses Seches,Tot.",774
Palestine,2013,Non-cereales,6476
Palestine,2014,Non-cereales,6359
Palestine,2015,Non-cereales,1242
Palestine,2013,Poiss&produi,148
Palestine,2014,Poiss&produi,95
Palestine,2013,"Sucre, total",1620
Palestine,2014,"Sucre, total",1494
Philippines,2013,Autres non-cereales,158
Philippines,2014,Autres non-cereales,144
Philippines,2015,Autres non-cereales,43
Philippines,2013,Cereales,30262
Philippines,2014,Cereales,31140
Philippines,2015,Cereales,1944
Philippines,2013,"Fruits secs, total",153
Philippines,2013,Huiles vegetales,109
Philippines,2014,Huiles vegetales,238
Philippines,2013,"Legumineuses Seches,Tot.",400
Philippines,2014,"Legumineuses Seches,Tot.",21190
Philippines,2015,"Legumineuses Seches,Tot.",80
Philippines,2013,Non-cereales,820
Philippines,2014,Non-cereales,21572
Philippines,2015,Non-cereales,123
Philippines,2013,"Riz, total",30262
Philippines,2014,"Riz, total",31140
Philippines,2015,"Riz, total",1944
Republique arabe syrienne,2013,Autres non-cereales,559
Republique arabe syrienne,2014,Autres non-cereales,30
Republique arabe syrienne,2015,Autres non-cereales,3196
Republique arabe syrienne,2013,Ble et Farin,122708
Republique arabe syrienne,2014,Ble et Farin,103823
Republique arabe syrienne,2015,Ble et Farin,68726
Republique arabe syrienne,2016,Ble et Farin,11428
Republique arabe syrienne,2013,BulgurFarEnt,12033
Republique arabe syrienne,2014,BulgurFarEnt,47816
Republique arabe syrienne,2015,BulgurFarEnt,24673
Republique arabe syrienne,2016,BulgurFarEnt,8581
Republique arabe syrienne,2013,Cereales,189623
Republique arabe syrienne,2014,Cereales,225007
Republique arabe syrienne,2015,Cereales,181475
Republique arabe syrienne,2016,Cereales,29569
Republique arabe syrienne,2013,Graisses Com,50
Republique arabe syrienne,2013,Huiles vegetales,27721
Republique arabe syrienne,2014,Huiles vegetales,10717
Republique arabe syrienne,2015,Huiles vegetales,3698
Republique arabe syrienne,2013,"Lait, total",1280
Republique arabe syrienne,2014,"Lait, total",1438
Republique arabe syrienne,2013,"Legumineuses Seches,Tot.",39032
Republique arabe syrienne,2014,"Legumineuses Seches,Tot.",80947
Republique arabe syrienne,2015,"Legumineuses Seches,Tot.",44995
Republique arabe syrienne,2016,"Legumineuses Seches,Tot.",21752
Republique arabe syrienne,2013,Non-cereales,92273
Republique arabe syrienne,2014,Non-cereales,101209
Republique arabe syrienne,2015,Non-cereales,81052
Republique arabe syrienne,2016,Non-cereales,29710
Republique arabe syrienne,2013,Poiss&produi,789
Republique arabe syrienne,2013,"Riz, total",54882
Republique arabe syrienne,2014,"Riz, total",73368
Republique arabe syrienne,2015,"Riz, total",88076
Republique arabe syrienne,2016,"Riz, total",9560
Republique arabe syrienne,2013,"Sucre, total",22616
Republique arabe syrienne,2014,"Sucre, total",7515
Republique arabe syrienne,2015,"Sucre, total",29058
Republique arabe syrienne,2016,"Sucre, total",7958
Republique centrafricaine,2013,Autres non-cereales,112
Republique centrafricaine,2014,Autres non-cereales,1412
Republique centrafricaine,2015,Autres non-cereales,105
Republique centrafricaine,2013,Cereales,6391
Republique centrafricaine,2014,Cereales,9652
Republique centrafricaine,2015,Cereales,7146
Republique centrafricaine,2013,Cereales Secondaires,3803
Republique centrafricaine,2014,Cereales Secondaires,2852
Republique centrafricaine,2015,Cereales Secondaires,2595
Republique centrafricaine,2013,Huiles vegetales,722
Republique centrafricaine,2014,Huiles vegetales,739
Republique centrafricaine,2015,Huiles vegetales,1288
Republique centrafricaine,2013,"Legumineuses Seches,Tot.",1330
Republique centrafricaine,2014,"Legumineuses Seches,Tot.",1906
Republique centrafricaine,2015,"Legumineuses Seches,Tot.",2479
Republique centrafricaine,2013,Melanges et preparations,413
Republique centrafricaine,2014,Melanges et preparations,3672
Republique centrafricaine,2015,Melanges et preparations,580
Republique centrafricaine,2013,Non-cereales,2187
Republique centrafricaine,2014,Non-cereales,4057
Republique centrafricaine,2015,Non-cereales,3872
Republique centrafricaine,2013,"Riz, total",2175
Republique centrafricaine,2014,"Riz, total",3128
Republique centrafricaine,2015,"Riz, total",3971
Republique centrafricaine,2013,"Sucre, total",23
Republique democratique du Congo,2013,Autres non-cereales,684
Republique democratique du Congo,2014,Autres non-cereales,831
Republique democratique du Congo,2015,Autres non-cereales,649
Republique democratique du Congo,2013,Cereales,58011
Republique democratique du Congo,2014,Cereales,29662
Republique democratique du Congo,2015,Cereales,28365
Republique democratique du Congo,2013,Cereales Secondaires,24094
Republique democratique du Congo,2014,Cereales Secondaires,24084
Republique democratique du Congo,2015,Cereales Secondaires,446
Republique democratique du Congo,2013,Huiles vegetales,3605
Republique democratique du Congo,2014,Huiles vegetales,1261
Republique democratique du Congo,2015,Huiles vegetales,1440
Republique democratique du Congo,2013,"Legumineuses Seches,Tot.",12322
Republique democratique du Congo,2014,"Legumineuses Seches,Tot.",3313
Republique democratique du Congo,2015,"Legumineuses Seches,Tot.",3455
Republique democratique du Congo,2013,Melanges et preparations,8045
Republique democratique du Congo,2014,Melanges et preparations,5578
Republique democratique du Congo,2015,Melanges et preparations,27523
Republique democratique du Congo,2013,Non-cereales,17149
Republique democratique du Congo,2014,Non-cereales,5405
Republique democratique du Congo,2015,Non-cereales,5659
Republique democratique du Congo,2013,"Riz, total",25872
Republique democratique du Congo,2015,"Riz, total",396
Republique democratique du Congo,2013,"Sucre, total",538
Republique democratique du Congo,2015,"Sucre, total",115
Republique democratique populaire lao,2013,Autres non-cereales,176
Republique democratique populaire lao,2014,Autres non-cereales,283
Republique democratique populaire lao,2015,Autres non-cereales,229
Republique democratique populaire lao,2013,Cereales,3758
Republique democratique populaire lao,2014,Cereales,4434
Republique democratique populaire lao,2015,Cereales,2627
Republique democratique populaire lao,2013,Huiles vegetales,359
Republique democratique populaire lao,2014,Huiles vegetales,860
Republique democratique populaire lao,2015,Huiles vegetales,86
Republique democratique populaire lao,2013,"Legumineuses Seches,Tot.",297
Republique democratique populaire lao,2014,"Legumineuses Seches,Tot.",70
Republique democratique populaire lao,2015,"Legumineuses Seches,Tot.",70
Republique democratique populaire lao,2013,Melanges et preparations,2609
Republique democratique populaire lao,2014,Melanges et preparations,1826
Republique democratique populaire lao,2015,Melanges et preparations,1378
Republique democratique populaire lao,2013,Non-cereales,832
Republique democratique populaire lao,2014,Non-cereales,1213
Republique democratique populaire lao,2015,Non-cereales,1136
Republique democratique populaire lao,2015,Poiss&produi,446
Republique democratique populaire lao,2013,"Riz, total",1149
Republique democratique populaire lao,2014,"Riz, total",2608
Republique democratique populaire lao,2015,"Riz, total",1249
Republique democratique populaire lao,2015,"Sucre, total",305
Republique dominicaine,2013,Autres non-cereales,12
Republique dominicaine,2015,Autres non-cereales,5
Republique dominicaine,2016,Autres non-cereales,3
Republique dominicaine,2014,Ble et Farin,17300
Republique dominicaine,2014,Cereales,17507
Republique dominicaine,2015,Cereales,113
Republique dominicaine,2016,Cereales,113
Republique dominicaine,2013,"Legumineuses Seches,Tot.",24500
Republique dominicaine,2014,Melanges et preparations,207
Republique dominicaine,2015,Melanges et preparations,113
Republique dominicaine,2016,Melanges et preparations,113
Republique dominicaine,2013,Non-cereales,24512
Republique dominicaine,2015,Non-cereales,5
Republique dominicaine,2016,Non-cereales,3
Republique populaire democratique de Coree,2013,Ble et Farin,25962
Republique populaire democratique de Coree,2014,Ble et Farin,9684
Republique populaire democratique de Coree,2015,Ble et Farin,13485
Republique populaire democratique de Coree,2013,Cereales,29544
Republique populaire democratique de Coree,2014,Cereales,16279
Republique populaire democratique de Coree,2015,Cereales,22335
Republique populaire democratique de Coree,2013,Cereales Secondaires,3582
Republique populaire democratique de Coree,2014,Cereales Secondaires,6395
Republique populaire democratique de Coree,2015,Cereales Secondaires,8625
Republique populaire democratique de Coree,2013,Huiles vegetales,1681
Republique populaire democratique de Coree,2014,Huiles vegetales,1280
Republique populaire democratique de Coree,2015,Huiles vegetales,3111
Republique populaire democratique de Coree,2013,"Lait, total",900
Republique populaire democratique de Coree,2014,"Lait, total",1772
Republique populaire democratique de Coree,2015,"Lait, total",1375
Republique populaire democratique de Coree,2016,"Lait, total",775
Republique populaire democratique de Coree,2013,"Legumineuses Seches,Tot.",1867
Republique populaire democratique de Coree,2014,"Legumineuses Seches,Tot.",648
Republique populaire democratique de Coree,2015,"Legumineuses Seches,Tot.",6776
Republique populaire democratique de Coree,2013,Non-cereales,6118
Republique populaire democratique de Coree,2014,Non-cereales,5312
Republique populaire democratique de Coree,2015,Non-cereales,12918
Republique populaire democratique de Coree,2016,Non-cereales,1200
Republique populaire democratique de Coree,2014,"Riz, total",200
Republique populaire democratique de Coree,2015,"Riz, total",225
Republique populaire democratique de Coree,2013,"Sucre, total",1670
Republique populaire democratique de Coree,2014,"Sucre, total",1612
Republique populaire democratique de Coree,2015,"Sucre, total",1656
Republique populaire democratique de Coree,2016,"Sucre, total",425
Republique-Unie de Tanzanie,2013,Ble et Farin,11830
Republique-Unie de Tanzanie,2014,Ble et Farin,30000
Republique-Unie de Tanzanie,2015,Ble et Farin,24000
Republique-Unie de Tanzanie,2013,Cereales,19345
Republique-Unie de Tanzanie,2014,Cereales,35455
Republique-Unie de Tanzanie,2015,Cereales,25311
Republique-Unie de Tanzanie,2013,Cereales Secondaires,3626
Republique-Unie de Tanzanie,2014,Cereales Secondaires,2760
Republique-Unie de Tanzanie,2013,"Fruits secs, total",153
Republique-Unie de Tanzanie,2015,"Fruits secs, total",54
Republique-Unie de Tanzanie,2013,Huiles vegetales,357
Republique-Unie de Tanzanie,2014,Huiles vegetales,368
Republique-Unie de Tanzanie,2015,Huiles vegetales,185
Republique-Unie de Tanzanie,2013,"Legumineuses Seches,Tot.",1703
Republique-Unie de Tanzanie,2014,"Legumineuses Seches,Tot.",2480
Republique-Unie de Tanzanie,2015,"Legumineuses Seches,Tot.",600
Republique-Unie de Tanzanie,2013,Melanges et preparations,2560
Republique-Unie de Tanzanie,2014,Melanges et preparations,1925
Republique-Unie de Tanzanie,2015,Melanges et preparations,1311
Republique-Unie de Tanzanie,2013,Non-cereales,2213
Republique-Unie de Tanzanie,2014,Non-cereales,2848
Republique-Unie de Tanzanie,2015,Non-cereales,839
Republique-Unie de Tanzanie,2013,"Riz, total",1329
Republique-Unie de Tanzanie,2014,"Riz, total",770
Rwanda,2013,Cereales,3139
Rwanda,2014,Cereales,880
Rwanda,2013,Huiles vegetales,689
Rwanda,2014,Huiles vegetales,312
Rwanda,2013,"Legumineuses Seches,Tot.",638
Rwanda,2013,Melanges et preparations,497
Rwanda,2014,Melanges et preparations,880
Rwanda,2013,Non-cereales,1327
Rwanda,2014,Non-cereales,358
Rwanda,2013,"Riz, total",2642
Rwanda,2014,"Sucre, total",46
Sao Tome-et-Principe,2013,Cereales,280
Sao Tome-et-Principe,2014,Cereales,428
Sao Tome-et-Principe,2013,Huiles vegetales,36
Sao Tome-et-Principe,2013,"Legumineuses Seches,Tot.",129
Sao Tome-et-Principe,2014,"Legumineuses Seches,Tot.",40
Sao Tome-et-Principe,2013,Non-cereales,165
Sao Tome-et-Principe,2014,Non-cereales,40
Sao Tome-et-Principe,2013,"Riz, total",280
Sao Tome-et-Principe,2014,"Riz, total",428
Senegal,2013,Autres non-cereales,332
Senegal,2014,Autres non-cereales,47
Senegal,2015,Autres non-cereales,117
Senegal,2013,BulgurFarEnt,630
Senegal,2013,Cereales,4260
Senegal,2014,Cereales,7346
Senegal,2015,Cereales,1814
Senegal,2013,Huiles vegetales,1101
Senegal,2014,Huiles vegetales,427
Senegal,2015,Huiles vegetales,10019
Senegal,2013,"Legumineuses Seches,Tot.",9901
Senegal,2014,"Legumineuses Seches,Tot.",9180
Senegal,2013,Melanges et preparations,2755
Senegal,2014,Melanges et preparations,1644
Senegal,2015,Melanges et preparations,184
Senegal,2013,Non-cereales,11671
Senegal,2014,Non-cereales,9654
Senegal,2015,Non-cereales,10136
Senegal,2013,Poiss&produi,337
Senegal,2013,"Riz, total",875
Senegal,2014,"Riz, total",5702
Senegal,2015,"Riz, total",1630
Sierra Leone,2013,BulgurFarEnt,1188
Sierra Leone,2014,BulgurFarEnt,1738
Sierra Leone,2013,Cereales,8031
Sierra Leone,2014,Cereales,2858
Sierra Leone,2015,Cereales,268
Sierra Leone,2013,Huiles vegetales,670
Sierra Leone,2014,Huiles vegetales,410
Sierra Leone,2013,"Legumineuses Seches,Tot.",240
Sierra Leone,2014,"Legumineuses Seches,Tot.",310
Sierra Leone,2015,"Legumineuses Seches,Tot.",184
Sierra Leone,2013,Melanges et preparations,1018
Sierra Leone,2014,Melanges et preparations,1120
Sierra Leone,2015,Melanges et preparations,268
Sierra Leone,2013,Non-cereales,910
Sierra Leone,2014,Non-cereales,720
Sierra Leone,2015,Non-cereales,184
Sierra Leone,2013,"Riz, total",5825
Somalie,2013,Autres non-cereales,1600
Somalie,2014,Autres non-cereales,1237
Somalie,2015,Autres non-cereales,596
Somalie,2013,Ble et Farin,556
Somalie,2015,Ble et Farin,560
Somalie,2013,Cereales,56643
Somalie,2014,Cereales,32131
Somalie,2015,Cereales,30626
Somalie,2013,Cereales Secondaires,43100
Somalie,2014,Cereales Secondaires,24370
Somalie,2015,Cereales Secondaires,25470
Somalie,2013,"Fruits secs, total",221
Somalie,2015,"Fruits secs, total",54
Somalie,2013,Huiles vegetales,3959
Somalie,2014,Huiles vegetales,2279
Somalie,2015,Huiles vegetales,1690
Somalie,2014,"Lait, total",651
Somalie,2013,"Legumineuses Seches,Tot.",7477
Somalie,2014,"Legumineuses Seches,Tot.",4292
Somalie,2015,"Legumineuses Seches,Tot.",2883
Somalie,2013,Melanges et preparations,9837
Somalie,2014,Melanges et preparations,7761
Somalie,2015,Melanges et preparations,4596
Somalie,2013,Non-cereales,13257
Somalie,2014,Non-cereales,8459
Somalie,2015,Non-cereales,5223
Somalie,2013,"Riz, total",3150
Soudan,2014,Autres non-cereales,250
Soudan,2015,Autres non-cereales,255
Soudan,2014,Ble et Farin,1672
Soudan,2015,Ble et Farin,2183
Soudan,2013,Cereales,140255
Soudan,2014,Cereales,145696
Soudan,2015,Cereales,5988
Soudan,2013,Cereales Secondaires,130677
Soudan,2014,Cereales Secondaires,133830
Soudan,2013,Huiles vegetales,6251
Soudan,2014,Huiles vegetales,3960
Soudan,2015,Huiles vegetales,110
Soudan,2013,"Lait, total",900
Soudan,2014,"Lait, total",825
Soudan,2013,"Legumineuses Seches,Tot.",17663
Soudan,2014,"Legumineuses Seches,Tot.",10221
Soudan,2015,"Legumineuses Seches,Tot.",2472
Soudan,2013,Melanges et preparations,9578
Soudan,2014,Melanges et preparations,10194
Soudan,2015,Melanges et preparations,3805
Soudan,2013,Non-cereales,24860
Soudan,2014,Non-cereales,15256
Soudan,2015,Non-cereales,2837
Soudan,2013,"Sucre, total",46
Soudan du Sud,2013,Autres non-cereales,372
Soudan du Sud,2014,Autres non-cereales,3550
Soudan du Sud,2015,Autres non-cereales,428
Soudan du Sud,2013,Cereales,83113
Soudan du Sud,2014,Cereales,213730
Soudan du Sud,2015,Cereales,13851
Soudan du Sud,2013,Cereales Secondaires,83113
Soudan du Sud,2014,Cereales Secondaires,213730
Soudan du Sud,2015,Cereales Secondaires,9000
Soudan du Sud,2013,Huiles vegetales,4936
Soudan du Sud,2014,Huiles vegetales,3731
Soudan du Sud,2015,Huiles vegetales,3844
Soudan du Sud,2013,"Legumineuses Seches,Tot.",9593
Soudan du Sud,2014,"Legumineuses Seches,Tot.",3961
Soudan du Sud,2015,"Legumineuses Seches,Tot.",6031
Soudan du Sud,2015,Melanges et preparations,301
Soudan du Sud,2013,Non-cereales,15052
Soudan du Sud,2014,Non-cereales,11575
Soudan du Sud,2015,Non-cereales,10303
Soudan du Sud,2015,"Riz, total",4550
Soudan du Sud,2013,"Sucre, total",151
Soudan du Sud,2014,"Sucre, total",333
Sri Lanka,2013,Cereales,2116
Sri Lanka,2014,Cereales,1392
Sri Lanka,2015,Cereales,898
Sri Lanka,2013,"Fruits secs, total",238
Sri Lanka,2015,"Fruits secs, total",54
Sri Lanka,2013,Huiles vegetales,385
Sri Lanka,2014,Huiles vegetales,569
Sri Lanka,2015,Huiles vegetales,328
Sri Lanka,2016,Huiles vegetales,164
Sri Lanka,2013,"Legumineuses Seches,Tot.",974
Sri Lanka,2014,"Legumineuses Seches,Tot.",963
Sri Lanka,2015,"Legumineuses Seches,Tot.",482
Sri Lanka,2013,Melanges et preparations,1007
Sri Lanka,2014,Melanges et preparations,221
Sri Lanka,2015,Melanges et preparations,346
Sri Lanka,2013,Non-cereales,1710
Sri Lanka,2014,Non-cereales,2131
Sri Lanka,2015,Non-cereales,864
Sri Lanka,2016,Non-cereales,164
Sri Lanka,2013,Poiss&produi,112
Sri Lanka,2014,Poiss&produi,595
Sri Lanka,2013,"Riz, total",1109
Sri Lanka,2014,"Riz, total",1171
Sri Lanka,2015,"Riz, total",552
Sri Lanka,2013,"Sucre, total",1
Sri Lanka,2014,"Sucre, total",4
Sri Lanka,2015,"Sucre, total",0
Swaziland,2013,Cereales,3854
Swaziland,2014,Cereales,775
Swaziland,2013,Cereales Secondaires,372
Swaziland,2013,Huiles vegetales,478
Swaziland,2014,Huiles vegetales,54
Swaziland,2013,"Legumineuses Seches,Tot.",2077
Swaziland,2014,"Legumineuses Seches,Tot.",526
Swaziland,2013,Melanges et preparations,476
Swaziland,2013,Non-cereales,2555
Swaziland,2014,Non-cereales,580
Swaziland,2013,"Riz, total",3006
Swaziland,2014,"Riz, total",775
Tadjikistan,2013,Autres non-cereales,32
Tadjikistan,2014,Autres non-cereales,58
Tadjikistan,2013,Ble et Farin,22
Tadjikistan,2014,Ble et Farin,23
Tadjikistan,2013,Cereales,78
Tadjikistan,2014,Cereales,146
Tadjikistan,2014,Cereales Secondaires,40
Tadjikistan,2013,Huiles vegetales,200
Tadjikistan,2014,Huiles vegetales,238
Tadjikistan,2013,"Lait, total",25
Tadjikistan,2014,"Lait, total",147
Tadjikistan,2015,"Lait, total",0
Tadjikistan,2013,"Legumineuses Seches,Tot.",38
Tadjikistan,2013,Melanges et preparations,49
Tadjikistan,2014,Melanges et preparations,57
Tadjikistan,2013,Non-cereales,295
Tadjikistan,2014,Non-cereales,495
Tadjikistan,2015,Non-cereales,0
Tadjikistan,2013,"Riz, total",7
Tadjikistan,2014,"Riz, total",26
Tadjikistan,2014,Viande Total,52
Tchad,2013,Autres non-cereales,1705
Tchad,2014,Autres non-cereales,773
Tchad,2013,BulgurFarEnt,3127
Tchad,2013,Cereales,36551
Tchad,2014,Cereales,42874
Tchad,2015,Cereales,30028
Tchad,2013,Cereales Secondaires,25997
Tchad,2014,Cereales Secondaires,40844
Tchad,2015,Cereales Secondaires,24870
Tchad,2015,"Fruits secs, total",90
Tchad,2013,Huiles vegetales,2568
Tchad,2014,Huiles vegetales,1915
Tchad,2015,Huiles vegetales,2210
Tchad,2016,Huiles vegetales,1216
Tchad,2013,"Lait, total",0
Tchad,2013,"Legumineuses Seches,Tot.",5842
Tchad,2014,"Legumineuses Seches,Tot.",3141
Tchad,2015,"Legumineuses Seches,Tot.",4511
Tchad,2013,Melanges et preparations,6652
Tchad,2014,Melanges et preparations,2030
Tchad,2015,Melanges et preparations,5158
Tchad,2013,Non-cereales,10414
Tchad,2014,Non-cereales,6089
Tchad,2015,Non-cereales,6811
Tchad,2016,Non-cereales,1216
Tchad,2013,"Riz, total",775
Tchad,2013,"Sucre, total",299
Tchad,2014,"Sucre, total",260
Timor-Leste,2013,Cereales,22
Timor-Leste,2013,Huiles vegetales,36
Timor-Leste,2013,Melanges et preparations,22
Timor-Leste,2013,Non-cereales,36
Togo,2013,Autres non-cereales,2
Togo,2013,Ble et Farin,10712
Togo,2013,Cereales,12400
Togo,2013,Non-cereales,2
Togo,2013,"Riz, total",1688
Vanuatu,2015,Ble et Farin,23
Vanuatu,2015,Cereales,331
Vanuatu,2015,Non-cereales,70
Vanuatu,2015,Poiss&produi,70
Vanuatu,2015,"Riz, total",308
Yemen,2013,Autres non-cereales,1291
Yemen,2014,Autres non-cereales,211
Yemen,2015,Autres non-cereales,1198
Yemen,2016,Autres non-cereales,5238
Yemen,2013,Ble et Farin,116637
Yemen,2014,Ble et Farin,22680
Yemen,2015,Ble et Farin,117854
Yemen,2016,Ble et Farin,179332
Yemen,2013,Cereales,117155
Yemen,2014,Cereales,26949
Yemen,2015,Cereales,151251
Yemen,2016,Cereales,196027
Yemen,2016,"Fruits secs, total",247
Yemen,2013,Huiles vegetales,4572
Yemen,2014,Huiles vegetales,8203
Yemen,2015,Huiles vegetales,8131
Yemen,2016,Huiles vegetales,9880
Yemen,2013,"Legumineuses Seches,Tot.",9203
Yemen,2014,"Legumineuses Seches,Tot.",16476
Yemen,2015,"Legumineuses Seches,Tot.",17724
Yemen,2016,"Legumineuses Seches,Tot.",18648
Yemen,2013,Melanges et preparations,68
Yemen,2014,Melanges et preparations,3169
Yemen,2015,Melanges et preparations,31600
Yemen,2016,Melanges et preparations,16695
Yemen,2013,Non-cereales,15227
Yemen,2014,Non-cereales,24971
Yemen,2015,Non-cereales,34902
Yemen,2016,Non-cereales,36760
Yemen,2015,Poiss&produi,232
Yemen,2016,Poiss&produi,72
Yemen,2013,"Riz, total",450
Yemen,2014,"Riz, total",1100
Yemen,2015,"Riz, total",1797
Yemen,2013,"Sucre, total",161
Yemen,2014,"Sucre, total",81
Yemen,2015,"Sucre, total",7617
Yemen,2016,"Sucre, total",2675
Zambie,2014,Cereales,1349
Zambie,2014,Cereales Secondaires,1349
Zambie,2013,Huiles vegetales,164
Zambie,2013,Non-cereales,164
Zimbabwe,2013,Autres non-cereales,1
Zimbabwe,2013,Cereales,5604
Zimbabwe,2014,Cereales,10990
Zimbabwe,2015,Cereales,7053
Zimbabwe,2013,Cereales Secondaires,5330
Zimbabwe,2014,Cereales Secondaires,5866
Zimbabwe,2015,Cereales Secondaires,6957
Zimbabwe,2013,Huiles vegetales,871
Zimbabwe,2014,Huiles vegetales,1514
Zimbabwe,2015,Huiles vegetales,306
Zimbabwe,2013,"Legumineuses Seches,Tot.",4150
Zimbabwe,2014,"Legumineuses Seches,Tot.",796
Zimbabwe,2013,Melanges et preparations,210
Zimbabwe,2014,Melanges et preparations,5124
Zimbabwe,2015,Melanges et preparations,96
Zimbabwe,2013,Non-cereales,5022
Zimbabwe,2014,Non-cereales,2310
Zimbabwe,2015,Non-cereales,306
Zimbabwe,2013,"Riz, total",64
